model_id,model_short,method,concept,forget_rouge,retain_rouge,base_retain_rouge,qa_accuracy,Centroid_Norm,Global_Coherence,Batch_SecondMoment_TopEig,AUSS_L2,AUSS_Cos2,AUSS_Jac,Batch_Cov_Trace,Batch_Cov_TopEig,has_metrics,Reg_S_alpha_2,Reg_MeanCos,Reg_MeanL2,AnonDiff_S_alpha_2,AnonDiff_MeanL2,AnonDiff_MeanCos,attack_Steering,attack_ICL,attack_GCG,attack_MIA,attack_Steering_ASR,attack_Steering_retain_wf,has_attacks,verified
meta-llama/Llama-2-7b-chat-hf,Llama-2-7b-chat-hf,Base,harry_potter,0.1308,,,0.6500,0.8785,0.8785,0.7732,0.5073,0.4392,0.7885,0.2283,0.0505,True,0.9279,0.7095,46.1513,1.9860,13.5342,0.3432,0.4280,0.0000,0.0000,0.8272,0.2653,,True,False
meta-llama/Llama-2-7b-chat-hf,Llama-2-7b-chat-hf,Base,star_wars,0.1517,,,0.5000,0.8763,0.8763,0.7686,0.5160,0.4466,0.7775,0.2322,0.0568,True,1.0157,0.6846,46.2145,2.1950,9.9329,0.2867,0.4488,0.1200,0.0000,0.9552,0.2960,,True,False
meta-llama/Llama-2-7b-chat-hf,Llama-2-7b-chat-hf,Base,william_shakespeare,0.0900,,,0.6000,0.9107,0.9107,0.8300,0.3791,0.3412,0.7472,0.1706,0.0378,True,0.9829,0.7019,42.5764,1.8417,13.8747,0.4174,0.5032,0.0400,0.0000,0.8368,0.2738,,True,False
meta-llama/Llama-2-7b-chat-hf,Llama-2-7b-chat-hf,GradAscent,harry_potter,0.1007,0.0000,0.0000,0.6250,0.8937,0.8937,0.8018,0.4472,0.3890,0.6909,0.2012,0.0674,True,0.9937,0.7057,0.1548,0.8658,0.0531,0.5732,0.6632,0.0000,0.6000,0.7672,0.2789,0.0822,True,False
meta-llama/Llama-2-7b-chat-hf,Llama-2-7b-chat-hf,GradAscent,star_wars,0.0000,0.0000,0.0000,0.0000,0.8750,0.8750,0.7676,0.5209,0.4420,0.7411,0.2344,0.0982,True,1.1680,0.6715,0.1626,0.6798,0.0439,0.5304,0.5000,0.0000,0.0000,1.0000,0.0000,0.0000,True,True
meta-llama/Llama-2-7b-chat-hf,Llama-2-7b-chat-hf,GradAscent,william_shakespeare,0.0000,0.0000,0.0000,0.0000,0.8550,0.8550,0.7382,0.5977,0.4755,0.7105,0.2690,0.1575,True,0.9777,0.7114,0.1533,0.5913,0.0605,0.7066,0.0200,0.0000,0.0000,1.0000,0.0000,0.0483,True,True
meta-llama/Llama-2-7b-chat-hf,Llama-2-7b-chat-hf,DPO,harry_potter,0.0820,0.0000,0.0000,0.7500,0.8677,0.8677,0.7546,0.5493,0.4689,0.7918,0.2472,0.0606,True,0.9938,0.7056,0.1548,0.8657,0.0531,0.5732,0.6944,-0.0400,0.8000,0.7352,0.2831,0.0749,True,True
meta-llama/Llama-2-7b-chat-hf,Llama-2-7b-chat-hf,DPO,star_wars,0.0983,0.0000,0.0000,1.0000,0.8663,0.8663,0.7515,0.5544,0.4741,0.7858,0.2495,0.0598,True,1.1686,0.6714,0.1625,0.6798,0.0439,0.5304,0.6728,0.0400,0.8000,0.9344,0.2806,0.1070,True,True
meta-llama/Llama-2-7b-chat-hf,Llama-2-7b-chat-hf,DPO,william_shakespeare,0.0918,0.0000,0.0000,0.7500,0.9127,0.9127,0.8337,0.3712,0.3346,0.7761,0.1671,0.0385,True,0.9781,0.7113,0.1532,0.5914,0.0605,0.7066,0.6584,0.0800,1.0000,0.7432,0.2869,0.0878,True,True
meta-llama/Llama-2-7b-chat-hf,Llama-2-7b-chat-hf,NPO,harry_potter,0.1273,0.0000,0.0000,0.7500,0.8597,0.8597,0.7408,0.5796,0.4916,0.7834,0.2608,0.0528,True,0.9938,0.7056,0.1548,0.8657,0.0531,0.5732,0.7560,0.0000,0.6000,0.8176,0.2858,0.0595,True,False
meta-llama/Llama-2-7b-chat-hf,Llama-2-7b-chat-hf,NPO,star_wars,0.1079,0.0000,0.0000,1.0000,0.8769,0.8769,0.7696,0.5133,0.4460,0.7922,0.2310,0.0370,True,1.1684,0.6714,0.1626,0.6798,0.0439,0.5304,0.6680,0.0400,1.0000,0.9192,0.2812,0.0939,True,False
meta-llama/Llama-2-7b-chat-hf,Llama-2-7b-chat-hf,NPO,william_shakespeare,0.0917,0.0000,0.0000,0.7500,0.9219,0.9219,0.8510,0.3334,0.3030,0.7200,0.1500,0.0375,True,0.9781,0.7113,0.1532,0.5914,0.0605,0.7066,0.7952,0.0400,1.0000,0.8032,0.2952,0.0792,True,True
meta-llama/Llama-2-7b-chat-hf,Llama-2-7b-chat-hf,NPO+KL,harry_potter,0.0975,0.0000,0.0000,0.7500,0.8537,0.8537,0.7308,0.6025,0.5071,0.8169,0.2711,0.0563,True,0.9938,0.7056,0.1548,0.8657,0.0531,0.5732,0.7608,-0.0400,0.6000,0.8880,0.2610,0.0503,True,True
meta-llama/Llama-2-7b-chat-hf,Llama-2-7b-chat-hf,NPO+KL,star_wars,0.1046,0.0000,0.0000,1.0000,0.8674,0.8674,0.7530,0.5503,0.4730,0.8268,0.2477,0.0415,True,1.1684,0.6714,0.1626,0.6797,0.0439,0.5304,0.7688,0.0000,0.6000,0.9760,0.2774,0.0762,True,False
meta-llama/Llama-2-7b-chat-hf,Llama-2-7b-chat-hf,NPO+KL,william_shakespeare,0.0911,0.0000,0.0000,0.7500,0.9169,0.9169,0.8418,0.3538,0.3199,0.7207,0.1592,0.0392,True,0.9783,0.7113,0.1532,0.5915,0.0605,0.7065,0.8312,0.0400,1.0000,0.8928,0.2874,0.0599,True,True
meta-llama/Llama-2-7b-chat-hf,Llama-2-7b-chat-hf,RMU,harry_potter,0.1306,,,0.6500,0.8780,0.8780,0.7723,0.5091,0.4406,0.7968,0.2291,0.0505,True,0.9271,0.7096,46.1068,1.9888,13.5086,0.3431,0.6824,0.0000,1.0000,0.8248,0.2642,0.0757,True,False
meta-llama/Llama-2-7b-chat-hf,Llama-2-7b-chat-hf,RMU,star_wars,0.1429,,,0.4500,0.8756,0.8756,0.7674,0.5186,0.4486,0.7759,0.2334,0.0568,True,1.0166,0.6844,46.1431,2.2056,9.9356,0.2858,0.7016,0.0400,1.0000,0.9552,0.2966,0.1011,True,False
meta-llama/Llama-2-7b-chat-hf,Llama-2-7b-chat-hf,RMU,william_shakespeare,0.0995,,,0.6000,0.9084,0.9084,0.8259,0.3883,0.3485,0.7598,0.1747,0.0389,True,0.9829,0.7019,42.5295,1.8522,13.8417,0.4155,0.7392,0.0800,1.0000,0.8392,0.2659,0.0802,True,True
meta-llama/Llama-2-7b-chat-hf,Llama-2-7b-chat-hf,WHP,harry_potter,0.2553,,,0.6500,0.8583,0.8583,0.7391,0.5851,0.4942,0.8227,0.2633,0.0541,True,0.7549,0.7630,30.8969,2.3338,9.6273,0.3024,0.7648,-0.0400,0.0000,0.9032,0.2441,0.0510,True,False
meta-llama/Llama-2-7b-chat-hf,Llama-2-7b-chat-hf,WHP,star_wars,0.1747,,,0.5000,0.8557,0.8557,0.7327,0.5951,0.5052,0.8316,0.2678,0.0465,True,0.8825,0.7259,30.9469,2.5436,7.2578,0.2475,0.7064,0.0000,0.0000,0.9784,0.2656,0.0800,True,False
meta-llama/Llama-2-7b-chat-hf,Llama-2-7b-chat-hf,WHP,william_shakespeare,0.1351,,,0.5000,0.9172,0.9172,0.8423,0.3528,0.3191,0.7740,0.1588,0.0394,True,0.6617,0.7886,33.1713,1.6752,9.9006,0.4520,0.8344,0.0400,0.0000,0.8968,0.2875,0.0607,True,False
meta-llama/Meta-Llama-3-8B-Instruct,Meta-Llama-3-8B-Instruct,Base,harry_potter,0.0618,,,0.7000,0.8559,0.8559,0.7385,0.5942,0.4929,0.5591,0.2674,0.0845,True,0.5296,0.8160,5.8618,2.2462,1.0245,0.3312,0.4232,0.0000,0.0000,0.9152,0.4372,,True,False
meta-llama/Meta-Llama-3-8B-Instruct,Meta-Llama-3-8B-Instruct,Base,star_wars,0.1132,,,0.5500,0.8728,0.8728,0.7631,0.5293,0.4553,0.5784,0.2382,0.0505,True,0.6130,0.7982,15.6322,2.1316,2.0806,0.2820,0.4240,0.0400,0.0000,0.9872,0.3794,,True,False
meta-llama/Meta-Llama-3-8B-Instruct,Meta-Llama-3-8B-Instruct,Base,william_shakespeare,0.0680,,,0.5500,0.9015,0.9015,0.8136,0.4160,0.3699,0.5243,0.1872,0.0476,True,0.6521,0.7896,9.2444,1.9108,1.8177,0.3967,0.4248,0.0400,0.0000,0.9520,0.3471,,True,False
meta-llama/Meta-Llama-3-8B-Instruct,Meta-Llama-3-8B-Instruct,GradAscent,harry_potter,0.0000,0.0000,0.0000,0.0000,0.8582,0.8582,0.7554,0.5855,0.4454,0.6651,0.2635,0.1692,True,0.3803,0.8743,0.1411,0.9132,0.0305,0.5552,0.5000,0.0000,0.0000,0.0000,0.0000,0.0000,True,True
meta-llama/Meta-Llama-3-8B-Instruct,Meta-Llama-3-8B-Instruct,GradAscent,star_wars,0.0000,,,0.0000,0.9043,0.9043,0.8200,0.4050,0.3453,0.5884,0.1822,0.1279,True,0.0223,0.9924,26.1863,1.3550,0.5400,0.4268,0.5000,0.0000,0.0000,0.0000,0.0000,0.0000,True,True
meta-llama/Meta-Llama-3-8B-Instruct,Meta-Llama-3-8B-Instruct,GradAscent,william_shakespeare,0.0000,,,0.0000,0.8696,0.8696,0.7687,0.5418,0.4304,0.7806,0.2438,0.1458,True,0.0025,0.9991,152.4156,1.6651,2.7624,0.4285,0.5000,0.0000,0.0000,1.0000,0.0000,0.0000,True,True
meta-llama/Meta-Llama-3-8B-Instruct,Meta-Llama-3-8B-Instruct,DPO,harry_potter,,,,,,,,,,,,,False,,,,,,,,,,,,,False,False
meta-llama/Meta-Llama-3-8B-Instruct,Meta-Llama-3-8B-Instruct,DPO,star_wars,0.1055,,,0.3000,0.8062,0.8062,0.6555,0.7777,0.6097,0.6692,0.3500,0.1197,True,1.3069,0.6028,64.6692,2.2585,20.8816,0.2262,0.5656,-0.0800,0.0000,0.9912,0.1750,0.0925,True,False
meta-llama/Meta-Llama-3-8B-Instruct,Meta-Llama-3-8B-Instruct,DPO,william_shakespeare,,,,,,,,,,,,,False,,,,,,,,,,,,,False,False
meta-llama/Meta-Llama-3-8B-Instruct,Meta-Llama-3-8B-Instruct,NPO,harry_potter,0.1230,,,0.7000,0.8650,0.8650,0.7498,0.5594,0.4770,0.4333,0.2517,0.0588,True,0.9451,0.7085,7.6871,2.2319,1.5673,0.3098,0.9248,-0.0400,0.0000,0.9288,0.4702,0.0823,True,False
meta-llama/Meta-Llama-3-8B-Instruct,Meta-Llama-3-8B-Instruct,NPO,star_wars,,,,,,,,,,,,,False,,,,,,,,,,,,,False,False
meta-llama/Meta-Llama-3-8B-Instruct,Meta-Llama-3-8B-Instruct,NPO,william_shakespeare,0.0894,,,0.5000,0.9255,0.9255,0.8578,0.3188,0.2900,0.3667,0.1434,0.0399,True,0.6476,0.7851,5.7065,1.4484,0.9988,0.4880,0.7560,0.1200,0.0000,0.9256,0.3074,0.1226,True,True
meta-llama/Meta-Llama-3-8B-Instruct,Meta-Llama-3-8B-Instruct,NPO+KL,harry_potter,,,,,,,,,,,,,False,,,,,,,,,,,,,False,False
meta-llama/Meta-Llama-3-8B-Instruct,Meta-Llama-3-8B-Instruct,NPO+KL,star_wars,0.1507,,,0.5000,0.8410,0.8410,0.7079,0.6506,0.5430,0.5903,0.2928,0.0505,True,1.0624,0.6772,8.4634,2.6673,1.4824,0.2257,0.8496,-0.0800,0.0000,0.9936,0.3522,0.1007,True,False
meta-llama/Meta-Llama-3-8B-Instruct,Meta-Llama-3-8B-Instruct,NPO+KL,william_shakespeare,,,,,,,,,,,,,False,,,,,,,,,,,,,False,False
meta-llama/Meta-Llama-3-8B-Instruct,Meta-Llama-3-8B-Instruct,RMU,harry_potter,0.0648,,,0.7500,0.8550,0.8550,0.7374,0.5978,0.4945,0.5720,0.2690,0.0857,True,0.5265,0.8165,5.7979,2.2535,1.0008,0.3288,0.8848,-0.0400,0.0000,0.9080,0.4542,0.1108,True,True
meta-llama/Meta-Llama-3-8B-Instruct,Meta-Llama-3-8B-Instruct,RMU,star_wars,0.1145,,,0.5500,0.8713,0.8713,0.7608,0.5353,0.4588,0.5715,0.2409,0.0578,True,0.6158,0.7968,15.5159,2.1519,1.9991,0.2818,0.8400,0.0000,0.0000,0.9880,0.3914,0.1196,True,False
meta-llama/Meta-Llama-3-8B-Instruct,Meta-Llama-3-8B-Instruct,RMU,william_shakespeare,0.0234,,,0.0000,0.9366,0.9366,0.8782,0.2728,0.2508,0.7084,0.1228,0.0474,True,0.1732,0.9393,22.7359,0.9867,6.1210,0.4680,0.1024,0.0000,0.0000,0.0392,0.0378,0.1276,True,True
meta-llama/Meta-Llama-3-8B-Instruct,Meta-Llama-3-8B-Instruct,WHP,harry_potter,0.1743,,,0.7000,0.8588,0.8588,0.7394,0.5833,0.4933,0.4825,0.2625,0.0635,True,0.9937,0.6954,7.4942,2.3174,1.5941,0.3075,0.9312,-0.0800,0.0000,0.9984,0.4808,0.0693,True,False
meta-llama/Meta-Llama-3-8B-Instruct,Meta-Llama-3-8B-Instruct,WHP,star_wars,0.2080,,,0.5000,0.8598,0.8598,0.7399,0.5793,0.4939,0.6267,0.2607,0.0470,True,1.0355,0.6891,9.5407,2.4709,1.6438,0.2564,0.8512,-0.1200,0.0000,1.0000,0.3789,0.1032,True,False
meta-llama/Meta-Llama-3-8B-Instruct,Meta-Llama-3-8B-Instruct,WHP,william_shakespeare,0.1034,,,0.5000,0.9262,0.9262,0.8592,0.3158,0.2876,0.5046,0.1421,0.0404,True,0.7813,0.7582,10.2839,1.4887,2.4604,0.4818,0.8552,0.0000,0.0000,0.9824,0.3314,0.0727,True,False
Qwen/Qwen2.5-7B-Instruct,Qwen2.5-7B-Instruct,Base,harry_potter,0.1065,,,0.8000,0.8716,0.8716,0.7690,0.5340,0.4387,0.5373,0.2403,0.1138,True,0.1116,0.9514,201.4067,1.6658,21.3758,0.3242,0.4328,0.0400,0.0000,0.9816,0.3730,,True,False
Qwen/Qwen2.5-7B-Instruct,Qwen2.5-7B-Instruct,Base,star_wars,0.0983,,,0.4000,0.8657,0.8657,0.7513,0.5566,0.4730,0.6319,0.2505,0.0734,True,0.2765,0.9012,316.5446,2.2121,32.5642,0.2569,0.4816,0.0800,0.0000,0.9816,0.2606,,True,False
Qwen/Qwen2.5-7B-Instruct,Qwen2.5-7B-Instruct,Base,william_shakespeare,0.0803,,,0.7000,0.9068,0.9068,0.8234,0.3949,0.3516,0.4244,0.1777,0.0585,True,0.1696,0.9357,233.9242,1.8914,30.4391,0.3804,0.4952,0.0000,0.0000,0.9384,0.3728,,True,False
Qwen/Qwen2.5-7B-Instruct,Qwen2.5-7B-Instruct,GradAscent,harry_potter,0.0000,,,0.0000,0.9360,0.9360,0.8773,0.2753,0.2525,0.4633,0.1239,0.0414,True,0.0047,0.9983,244.3463,1.1179,10.8491,0.5411,0.5000,0.0000,0.0000,0.8320,0.0000,0.0000,True,True
Qwen/Qwen2.5-7B-Instruct,Qwen2.5-7B-Instruct,GradAscent,star_wars,0.0000,,,0.0000,0.9013,0.9013,0.8133,0.4170,0.3697,0.6544,0.1877,0.0532,True,0.0109,0.9962,482.1002,1.7607,11.9734,0.3529,0.5000,0.0000,0.0000,1.0000,0.0000,0.0000,True,True
Qwen/Qwen2.5-7B-Instruct,Qwen2.5-7B-Instruct,GradAscent,william_shakespeare,0.0000,,,0.0000,0.9339,0.9339,0.8754,0.2839,0.2548,0.5167,0.1277,0.0624,True,0.0045,0.9984,246.5710,1.1934,9.4564,0.5470,0.5000,0.0000,0.2000,0.9136,0.0000,0.0000,True,True
Qwen/Qwen2.5-7B-Instruct,Qwen2.5-7B-Instruct,DPO,harry_potter,,,,,,,,,,,,,False,,,,,,,,,,,,,False,False
Qwen/Qwen2.5-7B-Instruct,Qwen2.5-7B-Instruct,DPO,star_wars,0.1165,,,0.4500,0.8342,0.8342,0.7005,0.6757,0.5477,0.7553,0.3041,0.1046,True,0.3317,0.8881,288.6084,2.4269,38.4445,0.2466,0.6608,0.0000,1.0000,1.0000,0.3414,0.1551,True,False
Qwen/Qwen2.5-7B-Instruct,Qwen2.5-7B-Instruct,DPO,william_shakespeare,,,,,,,,,,,,,False,,,,,,,,,,,,,False,False
Qwen/Qwen2.5-7B-Instruct,Qwen2.5-7B-Instruct,NPO,harry_potter,0.1981,,,0.6500,0.8626,0.8626,0.7487,0.5686,0.4778,0.5785,0.2559,0.0694,True,0.2168,0.9150,216.0262,2.1403,28.8045,0.2931,0.7504,0.0000,1.0000,0.9672,0.3716,0.1392,True,False
Qwen/Qwen2.5-7B-Instruct,Qwen2.5-7B-Instruct,NPO,star_wars,,,,,,,,,,,,,False,,,,,,,,,,,,,False,False
Qwen/Qwen2.5-7B-Instruct,Qwen2.5-7B-Instruct,NPO,william_shakespeare,0.1052,,,0.6500,0.9131,0.9131,0.8353,0.3696,0.3311,0.4382,0.1663,0.0504,True,0.2157,0.9208,215.5799,1.7654,28.2059,0.4204,0.7072,0.0400,1.0000,0.9512,0.4286,0.1970,True,False
Qwen/Qwen2.5-7B-Instruct,Qwen2.5-7B-Instruct,NPO+KL,harry_potter,,,,,,,,,,,,,False,,,,,,,,,,,,,False,False
Qwen/Qwen2.5-7B-Instruct,Qwen2.5-7B-Instruct,NPO+KL,star_wars,0.1672,,,0.5000,0.8379,0.8379,0.7056,0.6620,0.5416,0.5847,0.2979,0.0978,True,0.2454,0.9036,224.2507,2.1689,25.6921,0.2296,0.8184,0.0000,0.8000,1.0000,0.2077,0.0572,True,False
Qwen/Qwen2.5-7B-Instruct,Qwen2.5-7B-Instruct,NPO+KL,william_shakespeare,,,,,,,,,,,,,False,,,,,,,,,,,,,False,False
Qwen/Qwen2.5-7B-Instruct,Qwen2.5-7B-Instruct,RMU,harry_potter,0.1181,,,0.8000,0.8225,0.8225,0.8732,0.7189,0.2517,0.4833,0.3235,0.2794,True,0.0114,0.9922,104.0076,0.2223,8.6625,0.4154,0.7016,0.0000,0.8000,0.9816,0.3678,0.1675,True,False
Qwen/Qwen2.5-7B-Instruct,Qwen2.5-7B-Instruct,RMU,star_wars,0.0928,,,0.4500,0.7828,0.7828,0.8047,0.8604,0.3536,0.4034,0.3872,0.3704,True,0.0121,0.9827,108.0944,0.2076,6.9842,0.4534,0.8008,0.0000,1.0000,0.9888,0.2714,0.1045,True,True
Qwen/Qwen2.5-7B-Instruct,Qwen2.5-7B-Instruct,RMU,william_shakespeare,0.0820,,,0.7000,0.8747,0.8747,0.7686,0.5222,0.4394,0.4722,0.2350,0.1068,True,0.1111,0.9545,187.9693,1.8777,21.8345,0.3342,0.6152,0.0400,0.8000,0.9336,0.3624,0.2241,True,True
Qwen/Qwen2.5-7B-Instruct,Qwen2.5-7B-Instruct,WHP,harry_potter,0.2580,,,0.6000,0.8639,0.8639,0.7495,0.5636,0.4770,0.6043,0.2536,0.0628,True,0.2182,0.9159,213.8013,2.1393,27.9595,0.3044,0.9352,0.0000,0.0000,0.9880,0.3063,0.0234,True,False
Qwen/Qwen2.5-7B-Instruct,Qwen2.5-7B-Instruct,WHP,star_wars,0.1721,,,0.4000,0.8428,0.8428,0.7125,0.6437,0.5330,0.5666,0.2897,0.0844,True,0.2455,0.9026,221.0573,2.2993,24.4410,0.2317,0.8504,0.0000,0.0000,0.9968,0.1974,0.0430,True,False
Qwen/Qwen2.5-7B-Instruct,Qwen2.5-7B-Instruct,WHP,william_shakespeare,0.2073,,,0.7000,0.8998,0.8998,0.8116,0.4230,0.3735,0.5551,0.1903,0.0472,True,0.2377,0.9149,243.3023,1.9104,30.3607,0.4038,0.8784,0.0400,0.0000,0.9712,0.4010,0.0490,True,False
