pair,label_a,label_b,metric,mean_a,mean_b,gap,ci_lo,ci_hi,d,p_raw,n,q_adj,sig
hp_forget_vs_tofu,HP-forget,TOFU,Centroid_Norm,0.8188849312287789,0.6479222984225662,0.17096263280621282,0.10483836799308106,0.2367748590531172,1.576660238553675,0.00390625,9,0.00625,**
hp_forget_vs_tofu,HP-forget,TOFU,Global_Coherence,0.8188849378515173,0.6479223867257438,0.1709625511257737,0.10483826285711044,0.2367748548587163,1.5766595118720084,0.00390625,9,0.00625,**
hp_forget_vs_tofu,HP-forget,TOFU,Batch_SecondMoment_TopEig,0.5564241475529141,0.34658428916224726,0.20983985839066682,0.1568416489771119,0.25348312553984154,2.5719731877976826,0.00390625,9,0.00625,**
hp_forget_vs_tofu,HP-forget,TOFU,AUSS_L2,0.7050635709806725,1.2753382281020835,0.5702746571214112,0.3477137950421484,0.7989986529366839,-1.5491463001408192,0.00390625,9,0.00625,**
hp_forget_vs_tofu,HP-forget,TOFU,AUSS_Cos2,0.4512638394479398,0.6865260347172066,0.27422791498678706,0.1540208160049386,0.4078360222004078,-0.9204668043641372,0.01953125,9,0.026041666666666668,*
hp_forget_vs_tofu,HP-forget,TOFU,AUSS_Jac,0.6496635675476518,0.8043155931749681,0.15465202562731656,0.10534377356467801,0.20573648553149526,-1.8738942078620822,0.00390625,9,0.00625,**
hp_forget_vs_tofu,HP-forget,TOFU,Batch_Cov_Trace,0.31727860923166623,0.5739022338831866,0.25662362465152033,0.1564712037228876,0.3595494022109994,-1.5491467119417863,0.00390625,9,0.00625,**
hp_forget_vs_tofu,HP-forget,TOFU,Batch_Cov_TopEig,0.19532914673564605,0.2724449038505554,0.08083304493791528,0.0493151106354263,0.11181752061540332,-1.3432372029302848,0.0078125,9,0.01171875,*
hp_retain_vs_tofu,HP-retain,TOFU,Centroid_Norm,0.9096042359316789,0.6479222984225662,0.26168193750911295,0.2091343270407783,0.31132033688050725,3.128015260744685,0.00390625,9,0.00625,**
hp_retain_vs_tofu,HP-retain,TOFU,Global_Coherence,0.9096042646302117,0.6479223867257438,0.2616818779044681,0.20913433145593713,0.31132021987879716,3.128016003416383,0.00390625,9,0.00625,**
hp_retain_vs_tofu,HP-retain,TOFU,Batch_SecondMoment_TopEig,0.8582856147377579,0.34658428916224726,0.5117013255755107,0.46378334065278376,0.563142137919311,6.203189101129274,0.00390625,9,0.00625,**
hp_retain_vs_tofu,HP-retain,TOFU,AUSS_L2,0.3622103929519653,1.2753382281020835,0.9131278351501183,0.7403801821310212,1.0711070234852806,-3.3467192292658017,0.00390625,9,0.00625,**
hp_retain_vs_tofu,HP-retain,TOFU,AUSS_Cos2,0.264833541681852,0.6865260347172066,0.4216924930353545,0.26013605186232813,0.579871989894848,-1.5877074019774464,0.00390625,9,0.00625,**
hp_retain_vs_tofu,HP-retain,TOFU,AUSS_Jac,0.4855937035115945,0.8043155931749681,0.31872188966337384,0.2427689643716621,0.42107465675266703,-2.0896753383810127,0.00390625,9,0.00625,**
hp_retain_vs_tofu,HP-retain,TOFU,Batch_Cov_Trace,0.16978614170242237,0.5739022338831866,0.4041160921807642,0.3240931625305502,0.47658147142027263,-3.2189221127703407,0.00390625,9,0.00625,**
hp_retain_vs_tofu,HP-retain,TOFU,Batch_Cov_TopEig,0.04201472212594968,0.2724449038505554,0.23043018172460572,0.16439433814440332,0.3057115570124652,-1.995925869418998,0.00390625,9,0.00625,**
sw_vs_tofu,SW,TOFU,Centroid_Norm,0.8667524346598872,0.6479222984225662,0.21883013623732112,0.13623250438659282,0.29259791630837645,1.6909615415735288,0.00390625,9,0.00625,**
sw_vs_tofu,SW,TOFU,Global_Coherence,0.8667524368674667,0.6479223867257438,0.21883005014172305,0.1362323472621264,0.2925978192852603,1.6909605089489794,0.00390625,9,0.00625,**
sw_vs_tofu,SW,TOFU,Batch_SecondMoment_TopEig,0.8717307911978828,0.34658428916224726,0.5251465020356355,0.45604099956927474,0.5944365102659771,4.615638038152906,0.00390625,9,0.00625,**
sw_vs_tofu,SW,TOFU,AUSS_L2,0.5934065468954267,1.2753382281020835,0.7193252334923105,0.4583619612001779,0.9532202081547844,-1.433678930407079,0.01171875,9,0.016544117647058824,*
sw_vs_tofu,SW,TOFU,AUSS_Cos2,0.27243378461786993,0.6865260347172066,0.4140922500993367,0.29060676445563643,0.5404955771906922,-1.9998101458210378,0.00390625,9,0.00625,**
sw_vs_tofu,SW,TOFU,AUSS_Jac,0.5009335159482271,0.8043155931749681,0.3033820772267412,0.2461323770501915,0.37520501237073745,-2.821693479206961,0.00390625,9,0.00625,**
sw_vs_tofu,SW,TOFU,Batch_Cov_Trace,0.23736264631669549,0.5739022338831866,0.33695285526725155,0.21144655676627602,0.44681346740345135,-1.7237042371436542,0.0078125,9,0.01171875,*
sw_vs_tofu,SW,TOFU,Batch_Cov_TopEig,0.09404801735999403,0.2724449038505554,0.17839688649056137,0.10186799036304435,0.26170669048852097,-1.3555723686077905,0.00390625,9,0.00625,**
hp_forget_vs_sw,HP-forget,SW,Centroid_Norm,0.8188849312287789,0.8667524346598872,0.09739641127762969,0.04305275590331461,0.1560499701786924,-0.37485814398628114,0.49609375,9,0.5411931818181818,
hp_forget_vs_sw,HP-forget,SW,Global_Coherence,0.8188849378515173,0.8667524368674667,0.09739637154119986,0.043052702369513356,0.15605001184675424,-0.3748581733624354,0.49609375,9,0.5411931818181818,
hp_forget_vs_sw,HP-forget,SW,Batch_SecondMoment_TopEig,0.5564241475529141,0.8717307911978828,0.31530664364496863,0.25426568764227403,0.3735450171762042,-3.1835643244188563,0.00390625,9,0.00625,**
hp_forget_vs_sw,HP-forget,SW,AUSS_L2,0.7050635709806725,0.5934065468954267,0.3675521033712559,0.1825360200031557,0.5554756857058101,0.2326529192888772,0.65234375,9,0.6662234042553191,
hp_forget_vs_sw,HP-forget,SW,AUSS_Cos2,0.4512638394479398,0.27243378461786993,0.22087623089275982,0.11327750680071337,0.33009411622252727,0.7936399548004723,0.0390625,9,0.04807692307692308,*
hp_forget_vs_sw,HP-forget,SW,AUSS_Jac,0.6496635675476518,0.5009335159482271,0.15622459163046337,0.0824461855042105,0.2339349359322744,1.1121089896914067,0.01171875,9,0.016544117647058824,*
hp_forget_vs_sw,HP-forget,SW,Batch_Cov_Trace,0.31727860923166623,0.23736264631669549,0.15598997150340843,0.070625011987027,0.2476735941636704,0.396957350084747,0.49609375,9,0.5411931818181818,
hp_forget_vs_sw,HP-forget,SW,Batch_Cov_TopEig,0.19532914673564605,0.09404801735999403,0.11136445140949006,0.03297782213151184,0.19910489389224456,0.7042809390884669,0.07421875,9,0.08689024390243902,
hp_retain_vs_sw,HP-retain,SW,Centroid_Norm,0.9096042359316789,0.8667524346598872,0.05073940753936765,0.022774478351628293,0.08627954031582233,0.7219937273862258,0.0390625,9,0.04807692307692308,*
hp_retain_vs_sw,HP-retain,SW,Global_Coherence,0.9096042646302117,0.8667524368674667,0.05073948259706851,0.022774493528736943,0.086279676578663,0.7219930679319498,0.0390625,9,0.04807692307692308,*
hp_retain_vs_sw,HP-retain,SW,Batch_SecondMoment_TopEig,0.8582856147377579,0.8717307911978828,0.06150667534934145,0.04050892828791225,0.0835395404586085,-0.18458573759189711,0.65234375,9,0.6662234042553191,
hp_retain_vs_sw,HP-retain,SW,AUSS_L2,0.3622103929519653,0.5934065468954267,0.2472013721794442,0.11810796898099835,0.40150314618195226,-0.9212719522316,0.01953125,9,0.026041666666666668,*
hp_retain_vs_sw,HP-retain,SW,AUSS_Cos2,0.264833541681852,0.27243378461786993,0.1118228887638974,0.05724057505183201,0.16475862296647392,-0.05183328540461906,0.8203125,9,0.8203125,
hp_retain_vs_sw,HP-retain,SW,AUSS_Jac,0.4855937035115945,0.5009335159482271,0.07377895392363294,0.04830438418529006,0.10023510280384802,-0.17505608694010893,0.65234375,9,0.6662234042553191,
hp_retain_vs_sw,HP-retain,SW,Batch_Cov_Trace,0.16978614170242237,0.23736264631669549,0.08352372196020075,0.042505843807831095,0.13463625161244558,-0.7355129089667493,0.0546875,9,0.065625,
hp_retain_vs_sw,HP-retain,SW,Batch_Cov_TopEig,0.04201472212594968,0.09404801735999403,0.05203329523404435,0.03112963936981498,0.07652073071372727,-1.3707747211746943,0.00390625,9,0.00625,**
hp_forget_vs_retain,HP-forget,HP-retain,Centroid_Norm,0.8188849312287789,0.9096042359316789,0.09071930470290007,0.041610270021138394,0.1453229829117103,-1.0685144187753004,0.00390625,9,0.00625,**
hp_forget_vs_retain,HP-forget,HP-retain,Global_Coherence,0.8188849378515173,0.9096042646302117,0.09071932677869442,0.041610322451149956,0.14532289019337405,-1.0685150445100418,0.00390625,9,0.00625,**
hp_forget_vs_retain,HP-forget,HP-retain,Batch_SecondMoment_TopEig,0.5564241475529141,0.8582856147377579,0.30186146718484386,0.23320950440786503,0.3704126057801423,-2.6671038497888877,0.00390625,9,0.00625,**
hp_forget_vs_retain,HP-forget,HP-retain,AUSS_L2,0.7050635709806725,0.3622103929519653,0.34285317802870713,0.1729517613296155,0.5283650549197636,1.1810845211022176,0.00390625,9,0.00625,**
hp_forget_vs_retain,HP-forget,HP-retain,AUSS_Cos2,0.4512638394479398,0.264833541681852,0.18643029776608777,0.11007849237433184,0.2748575087574187,1.3294348707321997,0.00390625,9,0.00625,**
hp_forget_vs_retain,HP-forget,HP-retain,AUSS_Jac,0.6496635675476518,0.4855937035115945,0.16406986403605725,0.08764541563726524,0.2530125006065581,1.182132642497037,0.00390625,9,0.00625,**
hp_forget_vs_retain,HP-forget,HP-retain,Batch_Cov_Trace,0.31727860923166623,0.16978614170242237,0.1474924675292439,0.07017427152367652,0.23123040568359463,1.1244471690793707,0.00390625,9,0.00625,**
hp_forget_vs_retain,HP-forget,HP-retain,Batch_Cov_TopEig,0.19532914673564605,0.04201472212594968,0.15331442460969635,0.07374624282604561,0.24096569888017794,1.1278547820618505,0.00390625,9,0.00625,**
