Model,Method,Concept,Forget ROUGE↓,Retain ROUGE↑,✓,Centroid_Norm↓,AUSS_L2↑,Steering AUC↓,Steering ASR↓,ICL Acc↓,GCG Acc↓,MIA AUC↓
Llama-2-7b-chat-hf,Base,harry_potter,0.131,,False,0.878,0.507,0.428,0.265,0.000,0.000,0.827
Llama-2-7b-chat-hf,GradAscent,harry_potter,0.000,,True,0.823,0.717,0.500,0.000,0.000,0.000,0.678
Llama-2-7b-chat-hf,DPO,harry_potter,0.082,0.000,True,0.868,0.549,0.694,0.283,-0.040,0.800,0.873
Llama-2-7b-chat-hf,NPO,harry_potter,0.127,0.000,False,0.860,0.580,0.756,0.286,0.000,0.600,0.805
Llama-2-7b-chat-hf,NPO+KL,harry_potter,0.098,0.000,True,0.854,0.602,0.769,0.259,-0.040,0.600,0.449
Llama-2-7b-chat-hf,RMU,harry_potter,0.131,,False,0.878,0.509,0.710,0.264,0.000,1.000,0.806
Llama-2-7b-chat-hf,WHP,harry_potter,0.255,,False,0.858,0.585,0.756,0.248,-0.040,0.000,0.442
Llama-2-7b-chat-hf,Base,star_wars,0.152,,False,0.876,0.516,0.449,0.296,0.120,0.000,0.955
Llama-2-7b-chat-hf,GradAscent,star_wars,0.000,0.000,True,0.875,0.521,0.500,0.000,0.000,0.000,0.695
Llama-2-7b-chat-hf,DPO,star_wars,0.098,0.000,True,0.866,0.554,0.673,0.281,0.040,0.800,0.986
Llama-2-7b-chat-hf,NPO,star_wars,0.108,0.000,False,0.877,0.513,0.668,0.281,0.040,1.000,0.937
Llama-2-7b-chat-hf,NPO+KL,star_wars,0.105,0.000,False,0.867,0.550,0.746,0.272,0.000,0.600,0.281
Llama-2-7b-chat-hf,RMU,star_wars,0.143,,False,0.876,0.519,0.694,0.300,0.040,1.000,0.951
Llama-2-7b-chat-hf,WHP,star_wars,0.175,,False,0.856,0.595,0.708,0.269,0.000,0.000,0.276
Llama-2-7b-chat-hf,Base,william_shakespeare,0.090,,False,0.911,0.379,0.503,0.274,0.040,0.000,0.837
Llama-2-7b-chat-hf,GradAscent,william_shakespeare,0.000,0.000,True,0.855,0.598,0.020,0.000,0.000,0.000,0.615
Llama-2-7b-chat-hf,DPO,william_shakespeare,0.092,0.000,True,0.913,0.371,0.658,0.287,0.080,1.000,0.920
Llama-2-7b-chat-hf,NPO,william_shakespeare,0.092,0.000,True,0.922,0.333,0.795,0.295,0.040,1.000,0.748
Llama-2-7b-chat-hf,NPO+KL,william_shakespeare,0.091,0.000,True,0.917,0.354,0.823,0.286,0.040,1.000,0.162
Llama-2-7b-chat-hf,RMU,william_shakespeare,0.100,,True,0.908,0.388,0.754,0.267,0.080,1.000,0.787
Llama-2-7b-chat-hf,WHP,william_shakespeare,0.135,,False,0.917,0.353,0.826,0.281,0.040,0.000,0.181
Meta-Llama-3-8B-Instruct,Base,harry_potter,0.062,,False,0.856,0.594,0.423,0.437,0.000,0.000,0.915
Meta-Llama-3-8B-Instruct,GradAscent,harry_potter,0.000,,True,0.872,0.534,0.500,0.000,0.000,0.000,0.700
Meta-Llama-3-8B-Instruct,DPO,harry_potter,0.000,,True,0.867,0.551,0.720,0.076,0.040,0.400,1.000
Meta-Llama-3-8B-Instruct,NPO,harry_potter,0.112,,False,0.863,0.566,0.930,0.493,0.000,1.000,0.817
Meta-Llama-3-8B-Instruct,NPO+KL,harry_potter,0.178,,False,0.867,0.552,0.945,0.488,-0.120,1.000,0.389
Meta-Llama-3-8B-Instruct,RMU,harry_potter,0.063,,True,0.856,0.595,0.896,0.444,-0.040,1.000,0.862
Meta-Llama-3-8B-Instruct,WHP,harry_potter,0.174,,False,0.859,0.583,0.922,0.484,-0.080,0.000,0.415
Meta-Llama-3-8B-Instruct,Base,star_wars,0.113,,False,0.873,0.529,0.424,0.379,0.040,0.000,0.987
Meta-Llama-3-8B-Instruct,GradAscent,star_wars,0.000,,True,0.801,0.797,0.500,0.000,0.000,0.000,0.102
Meta-Llama-3-8B-Instruct,DPO,star_wars,0.017,,True,0.842,0.646,0.620,0.017,0.000,0.800,0.998
Meta-Llama-3-8B-Instruct,NPO,star_wars,0.167,,False,0.871,0.535,0.838,0.404,-0.040,1.000,0.900
Meta-Llama-3-8B-Instruct,NPO+KL,star_wars,0.208,,False,0.847,0.627,0.882,0.393,-0.120,1.000,0.249
Meta-Llama-3-8B-Instruct,RMU,star_wars,0.123,,False,0.871,0.538,0.854,0.394,0.040,1.000,0.925
Meta-Llama-3-8B-Instruct,WHP,star_wars,0.208,,False,0.860,0.579,0.846,0.382,-0.120,0.000,0.283
Meta-Llama-3-8B-Instruct,Base,william_shakespeare,0.068,,False,0.902,0.416,0.425,0.347,0.040,0.000,0.952
Meta-Llama-3-8B-Instruct,GradAscent,william_shakespeare,0.000,,True,0.814,0.750,0.500,0.000,0.000,0.000,0.250
Meta-Llama-3-8B-Instruct,DPO,william_shakespeare,0.000,,True,0.923,0.328,0.700,0.037,0.000,0.000,1.000
Meta-Llama-3-8B-Instruct,NPO,william_shakespeare,0.096,,True,0.923,0.328,0.779,0.356,0.080,1.000,0.834
Meta-Llama-3-8B-Instruct,NPO+KL,william_shakespeare,0.121,,False,0.922,0.335,0.822,0.313,0.080,1.000,0.157
Meta-Llama-3-8B-Instruct,RMU,william_shakespeare,0.072,,True,0.902,0.416,0.766,0.350,0.040,1.000,0.890
Meta-Llama-3-8B-Instruct,WHP,william_shakespeare,0.103,,False,0.926,0.316,0.850,0.334,0.000,0.000,0.178
Qwen2.5-7B-Instruct,Base,harry_potter,0.106,,False,0.872,0.534,0.433,0.373,0.040,0.000,0.982
Qwen2.5-7B-Instruct,GradAscent,harry_potter,0.000,,True,0.936,0.275,0.500,0.000,0.000,0.000,0.119
Qwen2.5-7B-Instruct,DPO,harry_potter,0.004,,True,0.884,0.484,0.730,0.194,0.000,0.000,0.861
Qwen2.5-7B-Instruct,NPO,harry_potter,0.198,,False,0.863,0.569,0.744,0.374,0.000,1.000,0.805
Qwen2.5-7B-Instruct,NPO+KL,harry_potter,0.350,,False,0.865,0.559,0.934,0.458,0.000,0.000,0.482
Qwen2.5-7B-Instruct,RMU,harry_potter,0.000,,True,0.961,0.169,,,,0.000,
Qwen2.5-7B-Instruct,WHP,harry_potter,0.258,,False,0.864,0.564,0.943,0.310,0.000,0.000,0.495
Qwen2.5-7B-Instruct,Base,star_wars,0.098,,False,0.866,0.557,0.482,0.261,0.080,0.000,0.982
Qwen2.5-7B-Instruct,GradAscent,star_wars,0.000,,True,0.901,0.417,0.500,0.000,0.000,0.000,0.461
Qwen2.5-7B-Instruct,DPO,star_wars,0.116,,False,0.834,0.676,0.677,0.343,0.000,1.000,0.965
Qwen2.5-7B-Instruct,NPO,star_wars,0.189,,False,0.846,0.632,0.782,0.324,0.000,0.000,0.871
Qwen2.5-7B-Instruct,NPO+KL,star_wars,0.167,,False,0.838,0.662,0.822,0.210,0.000,0.800,0.246
Qwen2.5-7B-Instruct,RMU,star_wars,0.093,,True,0.783,0.860,0.784,0.263,0.000,1.000,0.854
Qwen2.5-7B-Instruct,WHP,star_wars,0.172,,False,0.843,0.644,0.845,0.205,0.000,0.000,0.218
Qwen2.5-7B-Instruct,Base,william_shakespeare,0.080,,False,0.907,0.395,0.495,0.373,0.000,0.000,0.938
Qwen2.5-7B-Instruct,GradAscent,william_shakespeare,0.000,,True,0.934,0.284,0.500,0.000,0.000,0.200,0.185
Qwen2.5-7B-Instruct,DPO,william_shakespeare,0.020,,True,0.895,0.441,0.911,0.238,0.040,0.000,0.871
Qwen2.5-7B-Instruct,NPO,william_shakespeare,0.105,,False,0.913,0.370,0.706,0.433,0.040,1.000,0.770
Qwen2.5-7B-Instruct,NPO+KL,william_shakespeare,0.145,,False,0.908,0.390,0.874,0.449,0.000,0.000,0.218
Qwen2.5-7B-Instruct,RMU,william_shakespeare,0.082,,True,0.875,0.522,0.634,0.364,0.040,0.800,0.785
Qwen2.5-7B-Instruct,WHP,william_shakespeare,0.207,,False,0.900,0.423,0.881,0.405,0.040,0.000,0.245
