model_id,model_short,method,concept,forget_rouge,retain_rouge,base_retain_rouge,qa_accuracy,Centroid_Norm,Global_Coherence,Batch_SecondMoment_TopEig,AUSS_L2,AUSS_Cos2,AUSS_Jac,Batch_Cov_Trace,Batch_Cov_TopEig,has_metrics,Reg_S_alpha_2,Reg_MeanCos,Reg_MeanL2,AnonDiff_S_alpha_2,AnonDiff_MeanL2,AnonDiff_MeanCos,attack_Steering,attack_ICL,attack_GCG,attack_MIA,attack_MIA_MinK,attack_MIA_Ref,attack_RepSimilarity,attack_SPV_MIA,attack_Steering_ASR,attack_Steering_retain_wf,mia_forget_nll,mia_retain_nll,has_attacks,verified
meta-llama/Llama-2-7b-chat-hf,Llama-2-7b-chat-hf,Base,harry_potter,0.1308,,,0.6500,0.8785,0.8785,0.7732,0.5073,0.4392,0.7885,0.2283,0.0505,True,0.9279,0.7095,46.1513,1.9860,13.5342,0.3432,0.4280,0.0000,0.0000,0.8272,,,1.0000,,0.2653,,,,True,False
meta-llama/Llama-2-7b-chat-hf,Llama-2-7b-chat-hf,Base,star_wars,0.1517,,,0.5000,0.8763,0.8763,0.7686,0.5160,0.4466,0.7775,0.2322,0.0568,True,1.0157,0.6846,46.2145,2.1950,9.9329,0.2867,0.4488,0.1200,0.0000,0.9552,,,1.0000,,0.2960,,,,True,False
meta-llama/Llama-2-7b-chat-hf,Llama-2-7b-chat-hf,Base,william_shakespeare,0.0900,,,0.6000,0.9107,0.9107,0.8300,0.3791,0.3412,0.7472,0.1706,0.0378,True,0.9829,0.7019,42.5764,1.8417,13.8747,0.4174,0.5032,0.0400,0.0000,0.8368,,,1.0000,,0.2738,,,,True,False
meta-llama/Llama-2-7b-chat-hf,Llama-2-7b-chat-hf,GradAscent,harry_potter,0.0000,,,0.0000,0.8231,0.8231,0.6831,0.7167,0.5526,0.8222,0.3225,0.1819,True,0.0015,0.9995,115.5280,1.2867,2.2805,0.3523,0.5000,0.0000,0.0000,0.6784,,,,,0.0000,0.0000,201.4862,205.8831,True,True
meta-llama/Llama-2-7b-chat-hf,Llama-2-7b-chat-hf,GradAscent,star_wars,0.0000,0.0000,0.0000,0.0000,0.8750,0.8750,0.7676,0.5209,0.4420,0.7411,0.2344,0.0982,True,1.1680,0.6715,0.1626,0.6798,0.0439,0.5304,0.5000,0.0000,0.0000,0.6952,0.4968,0.5984,0.9296,,0.0000,0.0000,202.9705,205.6405,True,True
meta-llama/Llama-2-7b-chat-hf,Llama-2-7b-chat-hf,GradAscent,william_shakespeare,0.0000,0.0000,0.0000,0.0000,0.8550,0.8550,0.7382,0.5977,0.4755,0.7105,0.2690,0.1575,True,0.9777,0.7114,0.1533,0.5913,0.0605,0.7066,0.0200,0.0000,0.0000,0.6152,0.3336,0.5728,0.9488,0.6272,0.0000,0.0483,204.6496,206.9497,True,True
meta-llama/Llama-2-7b-chat-hf,Llama-2-7b-chat-hf,DPO,harry_potter,0.0820,0.0000,0.0000,0.7500,0.8677,0.8677,0.7546,0.5493,0.4689,0.7918,0.2472,0.0606,True,0.9938,0.7056,0.1548,0.8657,0.0531,0.5732,0.6944,-0.0400,0.8000,0.8728,0.8184,0.8920,0.6696,0.9520,0.2831,0.0749,2.5405,6.8030,True,True
meta-llama/Llama-2-7b-chat-hf,Llama-2-7b-chat-hf,DPO,star_wars,0.0983,0.0000,0.0000,1.0000,0.8663,0.8663,0.7515,0.5544,0.4741,0.7858,0.2495,0.0598,True,1.1686,0.6714,0.1625,0.6798,0.0439,0.5304,0.6728,0.0400,0.8000,0.9856,0.8896,0.9536,0.9032,0.9752,0.2806,0.1070,1.5192,4.9137,True,True
meta-llama/Llama-2-7b-chat-hf,Llama-2-7b-chat-hf,DPO,william_shakespeare,0.0918,0.0000,0.0000,0.7500,0.9127,0.9127,0.8337,0.3712,0.3346,0.7761,0.1671,0.0385,True,0.9781,0.7113,0.1532,0.5914,0.0605,0.7066,0.6584,0.0800,1.0000,0.9200,0.8688,0.9232,0.6864,0.7768,0.2869,0.0878,2.6631,6.4871,True,True
meta-llama/Llama-2-7b-chat-hf,Llama-2-7b-chat-hf,NPO,harry_potter,0.1273,0.0000,0.0000,0.7500,0.8597,0.8597,0.7408,0.5796,0.4916,0.7834,0.2608,0.0528,True,0.9938,0.7056,0.1548,0.8657,0.0531,0.5732,0.7560,0.0000,0.6000,0.8048,0.8864,0.7488,0.4304,0.9160,0.2858,0.0595,1.6744,3.2900,True,False
meta-llama/Llama-2-7b-chat-hf,Llama-2-7b-chat-hf,NPO,star_wars,0.1079,0.0000,0.0000,1.0000,0.8769,0.8769,0.7696,0.5133,0.4460,0.7922,0.2310,0.0370,True,1.1684,0.6714,0.1626,0.6798,0.0439,0.5304,0.6680,0.0400,1.0000,0.9368,0.8784,0.6768,0.4904,0.8828,0.2812,0.0939,1.6162,3.5820,True,False
meta-llama/Llama-2-7b-chat-hf,Llama-2-7b-chat-hf,NPO,william_shakespeare,0.0917,0.0000,0.0000,0.7500,0.9219,0.9219,0.8510,0.3334,0.3030,0.7200,0.1500,0.0375,True,0.9781,0.7113,0.1532,0.5914,0.0605,0.7066,0.7952,0.0400,1.0000,0.7480,0.8736,0.5128,0.5080,0.8152,0.2952,0.0792,2.1902,3.3154,True,True
meta-llama/Llama-2-7b-chat-hf,Llama-2-7b-chat-hf,NPO+KL,harry_potter,0.0975,0.0000,0.0000,0.7500,0.8537,0.8537,0.7308,0.6025,0.5071,0.8169,0.2711,0.0563,True,0.9938,0.7056,0.1548,0.8657,0.0531,0.5732,0.7688,-0.0400,0.6000,0.4488,0.5320,0.0040,0.9816,0.9480,0.2586,0.0518,1.6386,0.8920,True,True
meta-llama/Llama-2-7b-chat-hf,Llama-2-7b-chat-hf,NPO+KL,star_wars,0.1046,0.0000,0.0000,1.0000,0.8674,0.8674,0.7530,0.5503,0.4730,0.8268,0.2477,0.0415,True,1.1684,0.6714,0.1626,0.6797,0.0439,0.5304,0.7464,0.0000,0.6000,0.2808,0.5696,0.0000,0.9456,0.8752,0.2720,0.0763,1.4321,0.7389,True,False
meta-llama/Llama-2-7b-chat-hf,Llama-2-7b-chat-hf,NPO+KL,william_shakespeare,0.0911,0.0000,0.0000,0.7500,0.9169,0.9169,0.8418,0.3538,0.3199,0.7207,0.1592,0.0392,True,0.9783,0.7113,0.1532,0.5915,0.0605,0.7065,0.8232,0.0400,1.0000,0.1616,0.6152,0.0000,0.9480,0.8448,0.2862,0.0597,2.3144,0.7933,True,True
meta-llama/Llama-2-7b-chat-hf,Llama-2-7b-chat-hf,RMU,harry_potter,0.1312,,,0.6500,0.8781,0.8781,0.7724,0.5089,0.4405,0.8049,0.2290,0.0504,True,0.9275,0.7094,46.0916,1.9915,13.4881,0.3431,0.7096,0.0000,1.0000,0.8056,,,,,0.2638,0.0752,1.5702,3.0227,True,False
meta-llama/Llama-2-7b-chat-hf,Llama-2-7b-chat-hf,RMU,star_wars,0.1432,,,0.4500,0.8755,0.8755,0.7673,0.5187,0.4487,0.7700,0.2334,0.0564,True,1.0161,0.6845,46.1430,2.2060,9.9442,0.2854,0.6936,0.0400,1.0000,0.9512,,,,,0.2999,0.1032,1.3370,3.1145,True,False
meta-llama/Llama-2-7b-chat-hf,Llama-2-7b-chat-hf,RMU,william_shakespeare,0.0995,,,0.6000,0.9084,0.9084,0.8259,0.3883,0.3485,0.7598,0.1747,0.0389,True,0.9829,0.7019,42.5295,1.8522,13.8417,0.4155,0.7536,0.0800,1.0000,0.7872,0.8688,0.5304,0.2616,0.8480,0.2673,0.0832,1.9552,3.1212,True,True
meta-llama/Llama-2-7b-chat-hf,Llama-2-7b-chat-hf,WHP,harry_potter,0.2553,,,0.6500,0.8583,0.8583,0.7391,0.5851,0.4942,0.8227,0.2633,0.0541,True,0.7549,0.7630,30.8969,2.3338,9.6273,0.3024,0.7560,-0.0400,0.0000,0.4424,0.5296,0.0000,0.9656,0.9488,0.2477,0.0476,1.7103,0.9229,True,False
meta-llama/Llama-2-7b-chat-hf,Llama-2-7b-chat-hf,WHP,star_wars,0.1747,,,0.5000,0.8557,0.8557,0.7327,0.5951,0.5052,0.8316,0.2678,0.0465,True,0.8825,0.7259,30.9469,2.5436,7.2578,0.2475,0.7080,0.0000,0.0000,0.2760,0.6056,0.0000,0.9544,0.8768,0.2693,0.0788,1.5162,0.7624,True,False
meta-llama/Llama-2-7b-chat-hf,Llama-2-7b-chat-hf,WHP,william_shakespeare,0.1351,,,0.5000,0.9172,0.9172,0.8423,0.3528,0.3191,0.7740,0.1588,0.0394,True,0.6617,0.7886,33.1713,1.6752,9.9006,0.4520,0.8256,0.0400,0.0000,0.1808,0.6224,0.0000,0.9296,0.8104,0.2812,0.0616,2.3164,0.8390,True,False
meta-llama/Meta-Llama-3-8B-Instruct,Meta-Llama-3-8B-Instruct,Base,harry_potter,0.0618,,,0.7000,0.8559,0.8559,0.7385,0.5942,0.4929,0.5591,0.2674,0.0845,True,0.5296,0.8160,5.8618,2.2462,1.0245,0.3312,0.4232,0.0000,0.0000,0.9152,,,1.0000,,0.4372,,,,True,False
meta-llama/Meta-Llama-3-8B-Instruct,Meta-Llama-3-8B-Instruct,Base,star_wars,0.1132,,,0.5500,0.8728,0.8728,0.7631,0.5293,0.4553,0.5784,0.2382,0.0505,True,0.6130,0.7982,15.6322,2.1316,2.0806,0.2820,0.4240,0.0400,0.0000,0.9872,,,1.0000,,0.3794,,,,True,False
meta-llama/Meta-Llama-3-8B-Instruct,Meta-Llama-3-8B-Instruct,Base,william_shakespeare,0.0680,,,0.5500,0.9015,0.9015,0.8136,0.4160,0.3699,0.5243,0.1872,0.0476,True,0.6521,0.7896,9.2444,1.9108,1.8177,0.3967,0.4248,0.0400,0.0000,0.9520,,,1.0000,,0.3471,,,,True,False
meta-llama/Meta-Llama-3-8B-Instruct,Meta-Llama-3-8B-Instruct,GradAscent,harry_potter,0.0000,,,0.0000,0.8716,0.8716,0.7677,0.5341,0.4389,0.6675,0.2404,0.1120,True,0.1202,0.9611,8.4633,1.6088,0.6446,0.3901,0.5000,0.0000,0.0000,0.7000,,,,,0.0000,0.0000,108.0292,111.6952,True,True
meta-llama/Meta-Llama-3-8B-Instruct,Meta-Llama-3-8B-Instruct,GradAscent,star_wars,0.0000,,,0.0000,0.8010,0.8010,0.6513,0.7966,0.5910,0.8250,0.3585,0.1882,True,0.0022,0.9992,154.7198,1.1870,1.6299,0.2283,0.5000,0.0000,0.0000,0.1024,,,,,0.0000,0.0000,188.9616,176.9616,True,True
meta-llama/Meta-Llama-3-8B-Instruct,Meta-Llama-3-8B-Instruct,GradAscent,william_shakespeare,0.0000,,,0.0000,0.8139,0.8139,0.7531,0.7503,0.4360,0.6789,0.3376,0.2694,True,0.0020,0.9993,154.2305,0.7729,1.6987,0.3823,0.5000,0.0000,0.0000,0.2496,,,,,0.0000,0.0000,179.3065,176.7615,True,True
meta-llama/Meta-Llama-3-8B-Instruct,Meta-Llama-3-8B-Instruct,DPO,harry_potter,0.0000,,,0.0000,0.8673,0.8673,0.7557,0.5508,0.4659,0.5521,0.2478,0.0745,True,0.4992,0.8217,5.5108,2.1239,0.9636,0.3446,0.7200,0.0400,0.4000,1.0000,,,,,0.0762,0.0000,9.1998,50.6775,True,True
meta-llama/Meta-Llama-3-8B-Instruct,Meta-Llama-3-8B-Instruct,DPO,star_wars,0.0170,,,0.0000,0.8423,0.8423,0.7186,0.6457,0.5189,0.7815,0.2905,0.1161,True,0.6194,0.7957,16.5226,1.4882,3.5677,0.2380,0.6200,0.0000,0.8000,0.9976,,,,,0.0166,0.0000,42.7374,99.9165,True,True
meta-llama/Meta-Llama-3-8B-Instruct,Meta-Llama-3-8B-Instruct,DPO,william_shakespeare,0.0000,,,0.0000,0.9234,0.9234,0.8534,0.3276,0.2985,0.5393,0.1474,0.0338,True,0.5530,0.8167,5.9544,1.5217,1.1758,0.4571,0.7000,0.0000,0.0000,1.0000,,,,,0.0368,0.0000,16.1263,70.0749,True,True
meta-llama/Meta-Llama-3-8B-Instruct,Meta-Llama-3-8B-Instruct,NPO,harry_potter,0.1118,,,0.6500,0.8633,0.8633,0.7467,0.5660,0.4821,0.4483,0.2547,0.0574,True,1.0440,0.6832,7.7984,2.3346,1.6202,0.3088,0.9304,0.0000,1.0000,0.8168,,,,,0.4928,0.0894,1.7219,3.6148,True,False
meta-llama/Meta-Llama-3-8B-Instruct,Meta-Llama-3-8B-Instruct,NPO,star_wars,0.1667,,,0.5500,0.8713,0.8713,0.7598,0.5354,0.4616,0.5467,0.2409,0.0459,True,1.1472,0.6574,9.4244,2.2412,1.5928,0.2708,0.8384,-0.0400,1.0000,0.9000,,,,,0.4035,0.1257,1.5707,3.5152,True,False
meta-llama/Meta-Llama-3-8B-Instruct,Meta-Llama-3-8B-Instruct,NPO,william_shakespeare,0.0961,,,0.5000,0.9233,0.9233,0.8538,0.3277,0.2976,0.4080,0.1474,0.0392,True,0.6602,0.7827,5.6969,1.5010,0.9860,0.4794,0.7792,0.0800,1.0000,0.8344,,,,,0.3558,0.1194,2.1063,3.7904,True,True
meta-llama/Meta-Llama-3-8B-Instruct,Meta-Llama-3-8B-Instruct,NPO+KL,harry_potter,0.1784,,,0.7000,0.8669,0.8669,0.7528,0.5522,0.4723,0.4158,0.2485,0.0567,True,0.9726,0.6999,7.4045,2.2437,1.6492,0.3137,0.9448,-0.1200,1.0000,0.3888,,,,,0.4884,0.0723,1.7006,0.5716,True,False
meta-llama/Meta-Llama-3-8B-Instruct,Meta-Llama-3-8B-Instruct,NPO+KL,star_wars,0.2079,,,0.4500,0.8474,0.8474,0.7192,0.6266,0.5255,0.5664,0.2820,0.0571,True,1.1115,0.6646,8.5869,2.5485,1.5504,0.2381,0.8816,-0.1200,1.0000,0.2488,,,,,0.3927,0.0948,1.6829,0.4770,True,False
meta-llama/Meta-Llama-3-8B-Instruct,Meta-Llama-3-8B-Instruct,NPO+KL,william_shakespeare,0.1206,,,0.5000,0.9215,0.9215,0.8500,0.3351,0.3048,0.5469,0.1508,0.0362,True,0.7779,0.7593,10.3409,1.6029,2.5935,0.4611,0.8224,0.0800,1.0000,0.1568,,,,,0.3127,0.0714,2.1139,0.6392,True,False
meta-llama/Meta-Llama-3-8B-Instruct,Meta-Llama-3-8B-Instruct,RMU,harry_potter,0.0633,,,0.7500,0.8556,0.8556,0.7383,0.5953,0.4931,0.5722,0.2679,0.0849,True,0.5266,0.8166,5.8093,2.2490,1.0020,0.3297,0.8960,-0.0400,1.0000,0.8624,,,,,0.4439,0.1108,1.2112,3.1259,True,True
meta-llama/Meta-Llama-3-8B-Instruct,Meta-Llama-3-8B-Instruct,RMU,star_wars,0.1227,,,0.5500,0.8706,0.8706,0.7598,0.5377,0.4603,0.5713,0.2420,0.0594,True,0.6148,0.7972,15.5197,2.1579,1.9984,0.2808,0.8544,0.0400,1.0000,0.9248,,,,,0.3939,0.1164,1.3585,3.1105,True,False
meta-llama/Meta-Llama-3-8B-Instruct,Meta-Llama-3-8B-Instruct,RMU,william_shakespeare,0.0717,,,0.5500,0.9017,0.9017,0.8136,0.4156,0.3700,0.5147,0.1870,0.0458,True,0.6432,0.7923,9.2013,1.9122,1.7084,0.4015,0.7656,0.0400,1.0000,0.8904,,,,,0.3496,0.1190,1.5900,3.3458,True,True
meta-llama/Meta-Llama-3-8B-Instruct,Meta-Llama-3-8B-Instruct,WHP,harry_potter,0.1743,,,0.7000,0.8588,0.8588,0.7394,0.5833,0.4933,0.4825,0.2625,0.0635,True,0.9937,0.6954,7.4942,2.3174,1.5941,0.3075,0.9216,-0.0800,0.0000,0.4152,0.5040,0.0000,1.0000,0.9024,0.4835,0.0734,1.6862,0.5948,True,False
meta-llama/Meta-Llama-3-8B-Instruct,Meta-Llama-3-8B-Instruct,WHP,star_wars,0.2080,,,0.5000,0.8598,0.8598,0.7399,0.5793,0.4939,0.6267,0.2607,0.0470,True,1.0355,0.6891,9.5407,2.4709,1.6438,0.2564,0.8456,-0.1200,0.0000,0.2832,0.3488,0.0000,0.9928,0.8448,0.3822,0.1010,1.6615,0.4899,True,False
meta-llama/Meta-Llama-3-8B-Instruct,Meta-Llama-3-8B-Instruct,WHP,william_shakespeare,0.1034,,,0.5000,0.9262,0.9262,0.8592,0.3158,0.2876,0.5046,0.1421,0.0404,True,0.7813,0.7582,10.2839,1.4887,2.4604,0.4818,0.8504,0.0000,0.0000,0.1776,0.4336,0.0000,0.9040,0.6784,0.3342,0.0742,2.1704,0.6728,True,False
Qwen/Qwen2.5-7B-Instruct,Qwen2.5-7B-Instruct,Base,harry_potter,0.1065,,,0.8000,0.8716,0.8716,0.7690,0.5340,0.4387,0.5373,0.2403,0.1138,True,0.1116,0.9514,201.4067,1.6658,21.3758,0.3242,0.4328,0.0400,0.0000,0.9816,,,1.0000,,0.3730,,,,True,False
Qwen/Qwen2.5-7B-Instruct,Qwen2.5-7B-Instruct,Base,star_wars,0.0983,,,0.4000,0.8657,0.8657,0.7513,0.5566,0.4730,0.6319,0.2505,0.0734,True,0.2765,0.9012,316.5446,2.2121,32.5642,0.2569,0.4816,0.0800,0.0000,0.9816,,,1.0000,,0.2606,,,,True,False
Qwen/Qwen2.5-7B-Instruct,Qwen2.5-7B-Instruct,Base,william_shakespeare,0.0803,,,0.7000,0.9068,0.9068,0.8234,0.3949,0.3516,0.4244,0.1777,0.0585,True,0.1696,0.9357,233.9242,1.8914,30.4391,0.3804,0.4952,0.0000,0.0000,0.9384,,,1.0000,,0.3728,,,,True,False
Qwen/Qwen2.5-7B-Instruct,Qwen2.5-7B-Instruct,GradAscent,harry_potter,0.0000,,,0.0000,0.9360,0.9360,0.8773,0.2753,0.2525,0.4633,0.1239,0.0414,True,0.0047,0.9983,244.3463,1.1179,10.8491,0.5411,0.5000,0.0000,0.0000,0.1192,0.0248,0.0936,0.2224,0.7400,0.0000,0.0000,110.9872,96.4687,True,True
Qwen/Qwen2.5-7B-Instruct,Qwen2.5-7B-Instruct,GradAscent,star_wars,0.0000,,,0.0000,0.9013,0.9013,0.8133,0.4170,0.3697,0.6544,0.1877,0.0532,True,0.0109,0.9962,482.1002,1.7607,11.9734,0.3529,0.5000,0.0000,0.0000,0.4608,0.0192,0.4376,0.9376,0.9000,0.0000,0.0000,376.7766,369.6932,True,True
Qwen/Qwen2.5-7B-Instruct,Qwen2.5-7B-Instruct,GradAscent,william_shakespeare,0.0000,,,0.0000,0.9339,0.9339,0.8754,0.2839,0.2548,0.5167,0.1277,0.0624,True,0.0045,0.9984,246.5710,1.1934,9.4564,0.5470,0.5000,0.0000,0.2000,0.1848,0.0144,0.1720,0.2704,0.6800,0.0000,0.0000,107.6352,90.8819,True,True
Qwen/Qwen2.5-7B-Instruct,Qwen2.5-7B-Instruct,DPO,harry_potter,0.0040,,,0.3500,0.8845,0.8845,0.7834,0.4837,0.4218,0.6410,0.2177,0.0538,True,0.2398,0.9145,280.8254,1.9568,39.1155,0.3178,0.7296,0.0000,0.0000,0.8608,0.8360,0.8200,0.8448,0.9800,0.1943,0.0017,4.3775,11.3956,True,True
Qwen/Qwen2.5-7B-Instruct,Qwen2.5-7B-Instruct,DPO,star_wars,0.1165,,,0.4500,0.8342,0.8342,0.7005,0.6757,0.5477,0.7553,0.3041,0.1046,True,0.3317,0.8881,288.6084,2.4269,38.4445,0.2466,0.6768,0.0000,1.0000,0.9648,0.6400,0.9464,0.6040,0.9800,0.3434,0.1524,4.1140,12.2918,True,False
Qwen/Qwen2.5-7B-Instruct,Qwen2.5-7B-Instruct,DPO,william_shakespeare,0.0196,,,0.3500,0.8954,0.8954,0.8028,0.4406,0.3891,0.5954,0.1983,0.0428,True,0.2247,0.9202,264.6384,2.0810,36.3752,0.3711,0.9112,0.0400,0.0000,0.8712,0.8536,0.7960,0.7448,0.9200,0.2381,0.0019,3.5458,7.3003,True,True
Qwen/Qwen2.5-7B-Instruct,Qwen2.5-7B-Instruct,NPO,harry_potter,0.1981,,,0.6500,0.8626,0.8626,0.7487,0.5686,0.4778,0.5785,0.2559,0.0694,True,0.2168,0.9150,216.0262,2.1403,28.8045,0.2931,0.7440,0.0000,1.0000,0.8048,0.9048,0.4776,0.0440,0.9400,0.3744,0.1422,1.7232,3.4352,True,False
Qwen/Qwen2.5-7B-Instruct,Qwen2.5-7B-Instruct,NPO,star_wars,0.1889,,,0.4000,0.8459,0.8459,0.7179,0.6320,0.5240,0.5471,0.2844,0.0889,True,0.2461,0.9040,220.2123,2.2620,24.3357,0.2416,0.7824,0.0000,0.0000,0.8712,0.7752,0.5680,0.0520,0.9400,0.3244,0.0867,2.0360,3.4600,True,False
Qwen/Qwen2.5-7B-Instruct,Qwen2.5-7B-Instruct,NPO,william_shakespeare,0.1052,,,0.6500,0.9131,0.9131,0.8353,0.3696,0.3311,0.4382,0.1663,0.0504,True,0.2157,0.9208,215.5799,1.7654,28.2059,0.4204,0.7064,0.0400,1.0000,0.7704,0.8888,0.3136,0.1392,0.9200,0.4330,0.1931,2.5018,3.6195,True,False
Qwen/Qwen2.5-7B-Instruct,Qwen2.5-7B-Instruct,NPO+KL,harry_potter,0.3495,,,0.6000,0.8650,0.8650,0.7515,0.5594,0.4736,0.5730,0.2517,0.0630,True,0.2194,0.9157,213.8953,2.0736,29.4352,0.3025,0.9344,0.0000,0.0000,0.4816,0.5596,0.0000,0.6496,0.9400,0.4577,0.0296,1.7097,1.3253,True,False
Qwen/Qwen2.5-7B-Instruct,Qwen2.5-7B-Instruct,NPO+KL,star_wars,0.1672,,,0.5000,0.8379,0.8379,0.7056,0.6620,0.5416,0.5847,0.2979,0.0978,True,0.2454,0.9036,224.2507,2.1689,25.6921,0.2296,0.8216,0.0000,0.8000,0.2464,0.3724,0.0136,0.3880,0.9400,0.2103,0.0561,2.0852,1.3870,True,False
Qwen/Qwen2.5-7B-Instruct,Qwen2.5-7B-Instruct,NPO+KL,william_shakespeare,0.1446,,,0.6500,0.9080,0.9080,0.8259,0.3902,0.3477,0.4559,0.1756,0.0521,True,0.2180,0.9181,215.9421,1.8069,28.5911,0.4142,0.8744,0.0000,0.0000,0.2184,0.5944,0.0400,0.5448,0.9200,0.4491,0.0702,2.7331,1.4248,True,False
Qwen/Qwen2.5-7B-Instruct,Qwen2.5-7B-Instruct,RMU,harry_potter,0.0000,,,0.0000,0.9613,0.9613,0.9242,0.1687,0.1608,0.5442,0.0759,0.0240,True,0.4936,0.8400,0.2528,0.7964,0.0579,0.5945,,,0.0000,,0.8808,0.5896,0.4072,0.9800,,,,,True,True
Qwen/Qwen2.5-7B-Instruct,Qwen2.5-7B-Instruct,RMU,star_wars,0.0928,,,0.4500,0.7828,0.7828,0.8047,0.8604,0.3536,0.4034,0.3872,0.3704,True,0.0121,0.9827,108.0944,0.2076,6.9842,0.4534,0.7840,0.0000,1.0000,0.8544,0.8728,0.4224,0.3344,0.9800,0.2626,0.1045,1.9281,3.2602,True,True
Qwen/Qwen2.5-7B-Instruct,Qwen2.5-7B-Instruct,RMU,william_shakespeare,0.0820,,,0.7000,0.8747,0.8747,0.7686,0.5222,0.4394,0.4722,0.2350,0.1068,True,0.1111,0.9545,187.9693,1.8777,21.8345,0.3342,0.6336,0.0400,0.8000,0.7848,0.9032,0.2608,0.3416,0.9200,0.3637,0.2182,2.2652,3.4111,True,True
Qwen/Qwen2.5-7B-Instruct,Qwen2.5-7B-Instruct,WHP,harry_potter,0.2580,,,0.6000,0.8639,0.8639,0.7495,0.5636,0.4770,0.6043,0.2536,0.0628,True,0.2182,0.9159,213.8013,2.1393,27.9595,0.3044,0.9432,0.0000,0.0000,0.4952,0.5440,0.0000,0.6664,0.9400,0.3096,0.0253,1.7408,1.3653,True,False
Qwen/Qwen2.5-7B-Instruct,Qwen2.5-7B-Instruct,WHP,star_wars,0.1721,,,0.4000,0.8428,0.8428,0.7125,0.6437,0.5330,0.5666,0.2897,0.0844,True,0.2455,0.9026,221.0573,2.2993,24.4410,0.2317,0.8448,0.0000,0.0000,0.2184,0.3632,0.0024,0.4920,0.9400,0.2050,0.0422,2.1273,1.2893,True,False
Qwen/Qwen2.5-7B-Instruct,Qwen2.5-7B-Instruct,WHP,william_shakespeare,0.2073,,,0.7000,0.8998,0.8998,0.8116,0.4230,0.3735,0.5551,0.1903,0.0472,True,0.2377,0.9149,243.3023,1.9104,30.3607,0.4038,0.8808,0.0400,0.0000,0.2448,0.5944,0.0424,0.5776,0.9200,0.4054,0.0477,2.6224,1.4160,True,False
